code,titulaire,type,statut,mapref,ressource,dateoctroi,dateexpire,areavalue,region,territoire,latitude,longitude,notes
8699,KASHAMA DRC SPRL,PR (PP),Demande Approuvée,,"Au, Diamant, Nb-Ta",,,4582,Ituri,Mambasa,1.1499999999836732,28.184523842903157,Overlapping Okapi Wildlife Reserve
9423,KEL- EX DEVELOPMENTS SPRL,PR (PP),Demande Approuvée,,"Au, Diamant, Nb-Ta",,,15105,Ituri,Mambasa,1.3590908815865694,27.894696972724525,Overlapping Okapi Wildlife Reserve
9628,SOCIETE D'INVESTISSEMENT DU HAUT UELE,PR (PP),Demande Approuvée,,Au,,,849,Ituri,Mambasa,1.135714299885916,28.657142871348196,Overlapping Okapi Wildlife Reserve
9629,SOCIETE D'INVESTISSEMENT DU HAUT UELE,PR (PP),Demande Approuvée,,"Au, Diamant",,,1952,Ituri,Mambasa,1.1900000066940173,28.70388887992537,Overlapping Okapi Wildlife Reserve
9630,SOCIETE D'INVESTISSEMENT DU HAUT UELE,PR (PP),Demande Approuvée,,Au,,,8740,Ituri,Mambasa,1.200000014461073,28.77142855697173,Overlapping Okapi Wildlife Reserve
9631,SOCIETE D'INVESTISSEMENT DU HAUT UELE,PR (PP),Demande Approuvée,,Au,,,2121,Ituri,Mambasa,1.291666660223242,28.835555566584507,Overlapping Okapi Wildlife Reserve
9637,ORION MINING CONGO,PR (PP),Demande Approuvée,,Au,,,21225,Ituri,Mambasa,2.235185189213402,28.18055555551162,Overlapping Okapi Wildlife Reserve
12485,NEW TIME SPRL,PR (PP),Demande Approuvée,,"Au, Diamant, Nb-Ta, SnO2",,,5433,Ituri,Mambasa,2.026666680117642,28.026666679906498,Overlapping Okapi Wildlife Reserve
12486,NEW TIME SPRL,PR (PP),Demande Approuvée,,"Au, Diamant, Nb-Ta, SnO2",,,6793,Ituri,Mambasa,2.3999999802692438,28.180000020172116,Overlapping Okapi Wildlife Reserve
12550,RAINMAKER CAPITAL MINIER Sprl,PR (PP),Demande Approuvée,,"Ag, Au, Diamant, Fe, Nb, Nb-Ta, Pt, SnO2, W",,,1697,Ituri,Mambasa,1.2761904859237672,28.25357141440414,Overlapping Okapi Wildlife Reserve
12551,RAINMAKER CAPITAL MINIER Sprl,PR (PP),Demande Approuvée,,"Ag, Au, Diamant, Fe, Nb, Nb-Ta, Pt, SnO2",,,9506,Ituri,Mambasa,1.653703711103186,28.106481477906364,Overlapping Okapi Wildlife Reserve
12552,RAINMAKER CAPITAL MINIER Sprl,PR (PP),Demande Approuvée,,"Ag, Au, Diamant, Fe, Nb, Nb-Ta, Pt, SnO2",,,29720,Ituri,Mambasa,2.416666680099699,28.116666659861544,Overlapping Okapi Wildlife Reserve
12980,DEVON RESOURCES,PR (PP),Nouvelle Demande,,"Au, Diamant",,,11881,Ituri,Mambasa,1.5544117765343883,27.925490176389427,Overlapping Okapi Wildlife Reserve
12989,DEVON RESOURCES,PR (PP),Nouvelle Demande,,"Au, Diamant",,,12900,Ituri,Mambasa,1.677272718026494,27.843939372761078,Overlapping Okapi Wildlife Reserve
12992,DEVON RESOURCES,PR (PP),Nouvelle Demande,,"Au, Diamant",,,11374,Ituri,Mambasa,1.9240740667561336,27.93888888872056,Overlapping Okapi Wildlife Reserve
12996,DEVON RESOURCES,PR (PP),Nouvelle Demande,,"Au, Diamant",,,14854,Ituri,Mambasa,1.8077160518431798,27.922222222139393,Overlapping Okapi Wildlife Reserve
13006,CONCORDE POUR L'INDUSTRIE ET L'EXPLOITATION Sprl,PR (AS),Nouvelle Demande,,"Au, Nb-Ta",,,2376,Ituri,Mambasa,1.6299999799480205,28.17333334001834,Overlapping Okapi Wildlife Reserve
2267,KGL-ERW Sprl,PR (AS),Radiation en cours,,"Ag, Au, Cr, Nb, Sn, Ta",2007-02-05,2012-02-04,22655,Ituri,Mambasa,1.0884058087057866,28.68695652169933,Overlapping Okapi Wildlife Reserve
2274,KGL-ERW Sprl,PR (AS),Actif-En Renouvellement,,"Ag, Au, Nb, Sn, Ta",2007-02-05,2012-02-04,11795,Ituri,Mambasa,1.301851855720382,28.93703703338234,Overlapping Okapi Wildlife Reserve
2295,KGL-ERW Sprl,PR (AS),Radiation en cours,,"Ag, Au, Cr, Nb, Sn, Ta",2007-02-05,2012-02-04,38719,Ituri,Mambasa,2.3800000002946993,28.263333320153055,Overlapping Okapi Wildlife Reserve
2297,KGL-ERW Sprl,PR (AS),Radiation en cours,,"Ag, Cr, Nb, Sn, Ta",2007-02-05,2012-02-04,38294,Ituri,Mambasa,2.427777777862519,28.585185188961912,Overlapping Okapi Wildlife Reserve
2298,KGL-ERW Sprl,PR (AS),Radiation en cours,,"Ag, Au, Cr, Sn, Ta",2007-02-05,2012-02-04,30907,Ituri,Mambasa,2.4259259111960243,28.730555533426347,Overlapping Okapi Wildlife Reserve
4834,KGL-SIHU,PR (PP),Radiation en cours,,Au,2008-04-07,2013-04-06,3055,Ituri,Mambasa,1.5616666998858464,28.095000000026754,Overlapping Okapi Wildlife Reserve
4841,Top Fric,PR (AS),Radiation en cours,,Au,2007-07-19,2012-07-18,3055,Ituri,Mambasa,1.394999999776193,28.020000000112056,Overlapping Okapi Wildlife Reserve
4842,Top Fric,PR (AS),Radiation en cours,,Au,2007-07-19,2012-07-18,3055,Ituri,Mambasa,1.4449999997814138,28.020000000112056,Overlapping Okapi Wildlife Reserve
4843,Top Fric,PR (AS),Radiation en cours,,Au,2007-07-19,2012-07-18,3055,Ituri,Mambasa,1.5033332997518207,28.020000000112056,Overlapping Okapi Wildlife Reserve
4844,Top Fric,PR (AS),Radiation en cours,,Au,2007-07-19,2012-07-18,3055,Ituri,Mambasa,1.5616666998858464,28.020000000112056,Overlapping Okapi Wildlife Reserve
4845,AFRIMINES RESOURCES Sprl,PR (AS),Radiation en cours,,Au,2007-07-19,2012-07-18,3055,Ituri,Mambasa,1.6200000000834716,28.020000000112056,Overlapping Okapi Wildlife Reserve
4846,Top Fric,PR (AS),Radiation en cours,,Au,2007-07-19,2012-07-18,3055,Ituri,Mambasa,1.4033332997143266,28.07833330018132,Overlapping Okapi Wildlife Reserve
4847,Top Fric,PR (AS),Radiation en cours,,Au,2007-07-19,2012-07-18,3055,Ituri,Mambasa,1.4533332997868988,28.07833330018132,Overlapping Okapi Wildlife Reserve
4848,Top Fric,PR (AS),Radiation en cours,,Au,2007-07-19,2012-07-18,3055,Ituri,Mambasa,1.5033332997518207,28.07833330018132,Overlapping Okapi Wildlife Reserve
4849,Top Fric,PR (AS),Radiation en cours,,Au,2007-07-19,2012-07-18,3055,Ituri,Mambasa,1.5033332997518207,28.136666699783888,Overlapping Okapi Wildlife Reserve
4850,Top Fric,PR (AS),Radiation en cours,,Au,2007-07-19,2012-07-18,3055,Ituri,Mambasa,1.4533332997868988,28.136666699783888,Overlapping Okapi Wildlife Reserve
4851,Top Fric,PR (AS),Radiation en cours,,Au,2007-07-19,2012-07-18,3055,Ituri,Mambasa,1.4033332997143266,28.136666699783888,Overlapping Okapi Wildlife Reserve
4852,Top Fric,PR (AS),Radiation en cours,,Au,2007-07-19,2012-07-18,3055,Ituri,Mambasa,1.6200000000834716,28.07833330018132,Overlapping Okapi Wildlife Reserve
4853,Top Fric,PR (AS),Radiation en cours,,Au,2007-07-19,2012-07-18,509,Ituri,Mambasa,1.5033332997518207,28.053333320391904,Overlapping Okapi Wildlife Reserve
4854,Top Fric,PR (AS),Radiation en cours,,Au,2007-07-19,2012-07-18,1528,Ituri,Mambasa,1.5616666998858464,28.060000000186346,Overlapping Okapi Wildlife Reserve
4855,Top Fric,PR (AS),Radiation en cours,,Au,2007-07-19,2012-07-18,679,Ituri,Mambasa,1.4678571426993563,28.04166665743157,Overlapping Okapi Wildlife Reserve
4856,Top Fric,PR (AS),Radiation en cours,,Au,2007-07-19,2012-07-18,509,Ituri,Mambasa,1.4116667001769139,28.053333320391904,Overlapping Okapi Wildlife Reserve
4857,Top Fric,PR (AS),Radiation en cours,,Au,2007-07-19,2012-07-18,509,Ituri,Mambasa,1.4616666999740808,28.111666659807362,Overlapping Okapi Wildlife Reserve
4858,Top Fric,PR (AS),Radiation en cours,,Au,2007-07-19,2012-07-18,509,Ituri,Mambasa,1.4116667001769139,28.111666659807362,Overlapping Okapi Wildlife Reserve
4859,Top Fric,PR (AS),Radiation en cours,,Au,2007-07-19,2012-07-18,934,Ituri,Mambasa,1.525925922102152,28.102777777689223,Overlapping Okapi Wildlife Reserve
4860,Top Fric,PR (AS),Radiation en cours,,Au,2007-07-19,2012-07-18,3055,Ituri,Mambasa,1.3533332997615293,27.970000000109042,Overlapping Okapi Wildlife Reserve
4986,GOLDEN VALLEY SERVICES Ltd,PR (AS),Actif-En Force Majeure,,"Au, Diamant, Fe",2006-10-27,2011-10-26,1358,Ituri,Mambasa,1.6916666569635825,27.973809514480497,Overlapping Okapi Wildlife Reserve
4989,GOLDEN VALLEY SERVICES Ltd,PR (PP),Actif-En Force Majeure,,"Au, Diamant, Fe",2006-10-27,2011-10-26,1528,Ituri,Mambasa,1.6600000001908015,27.970000000109042,Overlapping Okapi Wildlife Reserve
5023,GOLDEN VALLEY SERVICES Ltd,PR (PP),Actif-En Force Majeure,,"Au, Diamant, Fe",2006-10-27,2011-10-26,2546,Ituri,Mambasa,1.6999999797082253,28.020000000112056,Overlapping Okapi Wildlife Reserve
5024,GOLDEN VALLEY SERVICES Ltd,PR (PP),Actif-En Force Majeure,,"Au, Diamant, Fe",2006-10-27,2011-10-26,2037,Ituri,Mambasa,1.6633333200512355,28.020000000112056,Overlapping Okapi Wildlife Reserve
7266,BUNIA ENGENEERING,PR (PP),Actif-Transformation PR en PEPM,,"Au, Diamant, Nb, Ta",2011-07-06,2013-07-05,9589,Ituri,Mambasa,1.3955128151200011,28.910256399887558,Overlapping Okapi Wildlife Reserve
8348,MAADINI MINING,PR (PP),Demande PEPM Approuvée,,"Au, Diamant, Nb, SnO2, Ta",2007-08-10,2011-08-09,10861,Ituri,Mambasa,1.2200000200421082,28.193333340235153,Overlapping Okapi Wildlife Reserve
8350,MAADINI MINING,PR (PP),Demande PEPM Approuvée,,"Au, Diamant, Nb, SnO2, Ta",2007-08-10,2011-08-09,8401,Ituri,Mambasa,1.2525641077679557,28.112820530822482,Overlapping Okapi Wildlife Reserve
8853,Alex Mutombo Tshibungubungu,PR (AS),Radiation en cours,,Au,2008-05-13,2013-05-12,7977,Ituri,Mambasa,1.3575757454817323,28.07575758175506,Overlapping Okapi Wildlife Reserve
11268,MANIEMA MUAKA TONY,PR (PP),Radiation en cours,,"Au, Diamant",2009-02-17,2013-02-16,4160,Ituri,Mambasa,2.0233333198082564,28.090000020094816,Overlapping Okapi Wildlife Reserve
ZRG00538,Projet Recherches Géologiques,ZRG,Actif,,"Au, Diamant, Nb-Ta",,,28853,Ituri,Mambasa,1.4629629555531967,27.89351849992533,Overlapping Okapi Wildlife Reserve
ZRG01174,Projet Recherches Géologiques,ZRG,Actif,,"Au, Diamant",,,36669,Ituri,Mambasa,1.8799999997486574,28.05999999982701,Overlapping Okapi Wildlife Reserve
ZRG01541,Projet Recherches Géologiques,ZRG,Actif,, ,,,3055,Ituri,Mambasa,1.3200000002003416,28.186666699966565,Overlapping Okapi Wildlife Reserve
ZRG01555,Projet Recherches Géologiques,ZRG,Actif,,"Au, Diamant",,,3904,Ituri,Mambasa,1.7761904855560253,28.133333342844345,Overlapping Okapi Wildlife Reserve
ZRG01847,Projet Recherches Géologiques,ZRG,Actif,,Au,,,24352,Ituri,Mambasa,1.0692307692690193,28.46538462295058,Overlapping Okapi Wildlife Reserve
ZRG01849,Projet Recherches Géologiques,ZRG,Actif,,Au,,,33872,Ituri,Mambasa,2.0779411823104237,28.85539215289056,Overlapping Okapi Wildlife Reserve
ZRG01985,Projet Recherches Géologiques,ZRG,Actif,, ,,,11880,Ituri,Mambasa,1.2337301572100903,28.919841261969633,Overlapping Okapi Wildlife Reserve
ZRG01986,Projet Recherches Géologiques,ZRG,Actif,, ,,,11880,Ituri,Mambasa,1.2337301572100903,28.919841261969633,Overlapping Okapi Wildlife Reserve
ZRG02093,Projet Recherches Géologiques,ZRG,Actif,, ,,,18678,Ituri,Mambasa,2.2216666603224473,28.899999979827367,Overlapping Okapi Wildlife Reserve
ZRG02415,Projet Recherches Géologiques,ZRG,Actif,,"Ag, Au, Diamant, Nb, Ta",,,29697,Ituri,Mambasa,1.083333321069098,28.327192984211923,Overlapping Okapi Wildlife Reserve
ZRG02418,Projet Recherches Géologiques,ZRG,Actif,,"Ag, Au, Diamant, Nb, Ta",,,32415,Ituri,Mambasa,1.2722222111236596,27.907407411023406,Overlapping Okapi Wildlife Reserve
ZRG02424,Projet Recherches Géologiques,ZRG,Actif,,"Ag, Au, Diamant, Nb, Ta",,,11539,Ituri,Mambasa,1.0461538383991091,28.707051276919536,Overlapping Okapi Wildlife Reserve
ZRG02425,Projet Recherches Géologiques,ZRG,Actif,,"Ag, Au, Diamant, Nb, Ta",,,22245,Ituri,Mambasa,2.33928570029953,28.69047618587881,Overlapping Okapi Wildlife Reserve
ZRG02508,Projet Recherches Géologiques,ZRG,Actif,,"Au, Diamant",,,24864,Ituri,Mambasa,1.431372552924926,29.06960784124063,Overlapping Okapi Wildlife Reserve
ZRG02516,Projet Recherches Géologiques,ZRG,Actif,,Al,,,1443,Ituri,Mambasa,1.217857157362659,28.253571442893556,Overlapping Okapi Wildlife Reserve
ZRG02517,Projet Recherches Géologiques,ZRG,Actif,,Au,,,3055,Ituri,Mambasa,1.0949999998417645,28.328333300196412,Overlapping Okapi Wildlife Reserve
ZRG02518,Projet Recherches Géologiques,ZRG,Actif,,Al,,,1527,Ituri,Mambasa,1.0683332998493147,28.720000000154364,Overlapping Okapi Wildlife Reserve
ZRG02523,Projet Recherches Géologiques,ZRG,Actif,,Au,,,3055,Ituri,Mambasa,1.0033332999987952,28.319999999770864,Overlapping Okapi Wildlife Reserve
ZRG02579,Projet Recherches Géologiques,ZRG,Actif,,Al,,,3055,Ituri,Mambasa,1.1616667002891314,28.795000000069063,Overlapping Okapi Wildlife Reserve
ZRG02580,Projet Recherches Géologiques,ZRG,Actif,,Au,,,1358,Ituri,Mambasa,1.2404762144810082,28.011904771511087,Overlapping Okapi Wildlife Reserve
ZRG02587,Projet Recherches Géologiques,ZRG,Actif,,Al,,,2885,Ituri,Mambasa,1.334523785861931,28.869047628449085,Overlapping Okapi Wildlife Reserve
ZRG02588,Projet Recherches Géologiques,ZRG,Actif,,Al,,,3055,Ituri,Mambasa,1.0033332999987952,28.628333299855218,Overlapping Okapi Wildlife Reserve
ZRG02637,Projet Recherches Géologiques,ZRG,Actif,,Au,,,3055,Ituri,Mambasa,1.1783333001644323,28.903333300141338,Overlapping Okapi Wildlife Reserve
ZRG02651,Projet Recherches Géologiques,ZRG,Actif,,Al,,,3055,Ituri,Mambasa,1.3200000002003416,28.136666699783888,Overlapping Okapi Wildlife Reserve
ZRG02652,Projet Recherches Géologiques,ZRG,Actif,,Al,,,3055,Ituri,Mambasa,1.1700000000296975,28.84500000007207,Overlapping Okapi Wildlife Reserve
ZRG02653,Projet Recherches Géologiques,ZRG,Actif,,Al,,,3055,Ituri,Mambasa,1.0949999998417645,28.778333300043954,Overlapping Okapi Wildlife Reserve
ZRG02656,Projet Recherches Géologiques,ZRG,Actif,,Al,,,3055,Ituri,Mambasa,1.0450000001241782,28.561666699899398,Overlapping Okapi Wildlife Reserve
ZRG02679,Projet Recherches Géologiques,ZRG,Actif,,Diamant,,,8320,Ituri,Mambasa,2.2454545545972304,28.5772727272192,Overlapping Okapi Wildlife Reserve
ZRG02680,Projet Recherches Géologiques,ZRG,Actif,,"Au, Diamant",,,25810,Ituri,Mambasa,2.223809500144513,28.359523785639702,Overlapping Okapi Wildlife Reserve
ZRG02682,Projet Recherches Géologiques,ZRG,Actif,,"Au, Diamant",,,12735,Ituri,Mambasa,2.2166666717837047,28.223809528611973,Overlapping Okapi Wildlife Reserve
ZRG02832,Projet Recherches Géologiques,ZRG,Actif,,"Ag, Au, Cr, Nb, Sn, Ta",,,38294,Ituri,Mambasa,2.4119047715881874,28.436904757125234,Overlapping Okapi Wildlife Reserve
2813,MASTERS,PR (PP),Demande Approuvée,,"Au, Diamant",,,33942,Ituri,Mambasa,1.2333333399539594,29.233333340010528,In Buffer Zone
3364,GOLDBELTS EXPLORATION AND MINING Sprl,PR (AS),Demande Approuvée,,"Au, Cu, Sn",,,21297,Ituri,Mambasa,1.0588888933800904,28.863888899865653,In Buffer Zone
3370,GOLDBELTS EXPLORATION AND MINING Sprl,PR (PP),Demande Approuvée,,"Au, Cu, Diamant",,,18412,Ituri,Mambasa,1.0466666533861564,29.22055556009799,In Buffer Zone
3371,GOLDBELTS EXPLORATION AND MINING Sprl,PR (PP),Demande Approuvée,,"Ag, Au, Co, Cu, Nb, Pt, Sn, Ta, W",,,18159,Ituri,Mambasa,1.20530303333199,29.095454539367335,In Buffer Zone
4375,Edouard Kambale,PR (AS),Demande Approuvée,,"Au, Nb, Sn, Ta, Wolfram",,,4582,Ituri,Mambasa,1.3083333287293453,29.102380942709452,In Buffer Zone
4839,MASTERS,PR (PP),Demande Approuvée,,Au,,,3057,Ituri,Mambasa,2.503333299907506,28.778333300043954,In Buffer Zone
4840,MASTERS,PR (PP),Demande Approuvée,,Au,,,3057,Ituri,Mambasa,2.503333299907506,28.678333299858235,In Buffer Zone
7464,World Mining Company,PR (PP),Demande Approuvée,,"Ag, Au, Nb, Pt, Sn, Ta, W",,,7636,Ituri,Mambasa,0.637820530759231,28.48910256913856,In Buffer Zone
8700,KASHAMA DRC SPRL,PR (PP),Demande Approuvée,,"Au, Diamant, Nb-Ta",,,1018,Ituri,Mambasa,1.020000000306351,28.156666679878434,In Buffer Zone
9424,KEL- EX DEVELOPMENTS SPRL,PR (PP),Demande Approuvée,,"Ag, Au, Diamant, Nb-Ta",,,12050,Ituri,Mambasa,1.388095214281522,27.523809542840066,In Buffer Zone
9625,SOCIETE D'INVESTISSEMENT DU HAUT UELE,PR (PP),Demande Approuvée,,Au,,,2036,Ituri,Mambasa,1.0571428572835881,28.990476185537602,In Buffer Zone
9626,SOCIETE D'INVESTISSEMENT DU HAUT UELE,PR (PP),Demande Approuvée,,Au,,,339,Ituri,Mambasa,1.1883333198591493,28.93666666012671,In Buffer Zone
9627,SOCIETE D'INVESTISSEMENT DU HAUT UELE,PR (PP),Demande Approuvée,,Au,,,3564,Ituri,Mambasa,1.140909099913994,28.898484845516233,In Buffer Zone
9633,SOCIETE D'INVESTISSEMENT DU HAUT UELE,PR (PP),Demande Approuvée,,Au,,,85,Ituri,Mambasa,1.2866666603003105,29.04500001966743,In Buffer Zone
9659,SHAMIKA CONGO KALEHE,PR (PP),Demande Approuvée,,"Fe, Nb-Ta, Sn, SnO2, Wolfram",,,848,Ituri,Mambasa,0.8083333398898584,28.156666679878434,In Buffer Zone
11793,SOCIETE MINIERE DE KILO MOTO,PR (PP),Demande Approuvée,,"Au, Diamant, Fe, Ta",,,14271,Ituri,Mambasa,2.9259259222037586,28.93981481089079,In Buffer Zone
11804,SOCIETE MINIERE DE KILO MOTO,PR (PP),Demande Approuvée,,"Au, Diamant, Fe, Ta",,,21741,Ituri,Mambasa,2.6007575726584125,28.742424263706152,In Buffer Zone
12596,CONCORDE POUR L'INDUSTRIE ET L'EXPLOITATION Sprl,PR (AS),Demande Approuvée,,"Au, Nb-Ta",,,3225,Ituri,Mambasa,1.5619047428634711,29.376190471326545,In Buffer Zone
12597,CONCORDE POUR L'INDUSTRIE ET L'EXPLOITATION Sprl,PR (AS),Demande Approuvée,,"Au, Nb-Ta",,,170,Ituri,Mambasa,1.23166667978243,29.05333331991333,In Buffer Zone
12808,FAMETAL MINING ET RESSOURCES DRC SPRL,PR (PP),Demande Approuvée,,"Au, Diamant",,,2121,Ituri,Mambasa,0.7999999799792868,27.849999979943583,In Buffer Zone
12809,FAMETAL MINING ET RESSOURCES DRC SPRL,PR (PP),Demande Approuvée,,"Au, Diamant",,,3054,Ituri,Mambasa,0.7199999998366832,27.845000000011662,In Buffer Zone
12969,DEVON RESOURCES,PR (PP),Nouvelle Demande,,"Au, Diamant",,,2631,Ituri,Mambasa,1.7939393909180203,27.778787881865597,In Buffer Zone
12971,DEVON RESOURCES,PR (PP),Nouvelle Demande,,"Au, Diamant",,,340,Ituri,Mambasa,1.9899999797314247,27.676666659942764,In Buffer Zone
12972,DEVON RESOURCES,PR (PP),Nouvelle Demande,,"Au, Diamant",,,1019,Ituri,Mambasa,1.9950000199920361,27.84333330014915,In Buffer Zone
12975,DEVON RESOURCES,PR (PP),Demande Approuvée,,"Au, Diamant",,,679,Ituri,Mambasa,1.7705128231377087,27.62500000018356,In Buffer Zone
12978,DEVON RESOURCES,PR (PP),Nouvelle Demande,,"Au, Diamant",,,1952,Ituri,Mambasa,1.852272718466631,27.582575772845097,In Buffer Zone
12979,DEVON RESOURCES,PR (PP),Nouvelle Demande,,"Au, Diamant",,,18246,Ituri,Mambasa,1.56178160689848,27.61293103104945,In Buffer Zone
12981,DEVON RESOURCES,PR (PP),Nouvelle Demande,,"Au, Diamant",,,13920,Ituri,Mambasa,1.8177419387075764,27.659677422631542,In Buffer Zone
12982,DEVON RESOURCES,PR (PP),Nouvelle Demande,,"Au, Diamant",,,594,Ituri,Mambasa,1.7726190714303856,27.565476185746668,In Buffer Zone
12986,DEVON RESOURCES,PR (PP),Demande Approuvée,,"Au, Diamant",,,11033,Ituri,Mambasa,1.6866666665760779,27.58388888676874,In Buffer Zone
12987,DEVON RESOURCES,PR (PP),Nouvelle Demande,,"Au, Diamant",,,4923,Ituri,Mambasa,1.7096491367089826,27.708333320973384,In Buffer Zone
12988,DEVON RESOURCES,PR (PP),Demande Approuvée,,"Au, Diamant",,,6960,Ituri,Mambasa,1.9150793618975934,27.65277776662274,In Buffer Zone
12990,DEVON RESOURCES,PR (PP),Demande Approuvée,,"Au, Diamant",,,1103,Ituri,Mambasa,1.6388888891108888,27.526851844555285,In Buffer Zone
12995,DEVON RESOURCES,PR (PP),Nouvelle Demande,,"Au, Diamant",,,2631,Ituri,Mambasa,1.9712121272195857,27.734090899815445,In Buffer Zone
13000,GOLD DRAGON RESSOURCES RDC,PR (PP),Nouvelle Demande,,"Au, Diamant, Nb-Ta, SnO2",,,15359,Ituri,Mambasa,1.2333333267010682,29.42944444667985,In Buffer Zone
13070,KATANGA MEGA MINING,PR (AS),Demande Approuvée,,"Au, Fe, Nb-Ta, Sn",,,24293,Ituri,Mambasa,2.8400000203042173,28.710000020168216,In Buffer Zone
13071,KATANGA MEGA MINING,PR (AS),Demande Approuvée,,"Au, Fe, Nb-Ta, Sn",,,16649,Ituri,Mambasa,2.87999997987522,28.821666680080323,In Buffer Zone
13072,KATANGA MEGA MINING,PR (AS),Demande Approuvée,,"Au, Fe, Nb-Ta, Sn",,,10192,Ituri,Mambasa,2.736666700213079,28.608333339882932,In Buffer Zone
137,KGL -SOMITURI,PE,Actif,,"Au, Diamant",2009-02-23,2039-02-22,3056,Ituri,Mambasa,1.7699999997015534,27.528333299968402,In Buffer Zone
140,KGL -SOMITURI,PE,Actif,,"Au, Diamant",2009-02-23,2039-02-22,3055,Ituri,Mambasa,1.7116667000480164,27.61166670002167,In Buffer Zone
364,KALUBAMBA,PE,Droit Déchu,,Diamant,2008-08-20,2023-08-19,3055,Ituri,Mambasa,1.194999999703834,29.028333300059057,In Buffer Zone
480,KALUBAMBA,PE,Droit Déchu,,Au,2008-08-20,2023-08-19,1697,Ituri,Mambasa,1.2249999857679046,28.949999985682286,In Buffer Zone
4925,ITURI GOLD MINING COMPANY Sprl,PE,Actif-En Déchéance_NonPaiement,,Al,2006-09-27,2036-09-19,2885,Ituri,Mambasa,1.076190485857769,29.044047628549492,In Buffer Zone
9691,KGL -SOMITURI,PE,Actif,,"Au, Diamant",2009-02-23,2039-02-22,12222,Ituri,Mambasa,1.7166666536329134,27.902564069248054,In Buffer Zone
9692,KGL -SOMITURI,PE,Actif,,"Au, Diamant",2009-02-23,2039-02-22,8573,Ituri,Mambasa,1.8923076693006378,27.5480769153092,In Buffer Zone
9693,KGL -SOMITURI,PE,Actif,,"Au, Diamant",2009-02-23,2039-02-22,12221,Ituri,Mambasa,1.5750000230593122,27.877564069184345,In Buffer Zone
9694,KGL -SOMITURI,PE,Actif,,"Au, Diamant",2009-02-23,2039-02-22,12223,Ituri,Mambasa,1.9564815000962423,27.861111077860134,In Buffer Zone
9695,KGL -SOMITURI,PE,Actif,,"Au, Diamant",2009-02-23,2039-02-22,6111,Ituri,Mambasa,1.624074077844106,27.677777744535668,In Buffer Zone
11970,GOLD DRAGON RESSOURCES RDC,PE,Actif,,"Au, Diamant",2011-06-03,2041-06-02,2715,Ituri,Mambasa,1.2773809287434896,27.766666657145457,In Buffer Zone
11971,GOLD DRAGON RESSOURCES RDC,PE,Actif,,"Au, Diamant",2011-06-03,2041-06-02,3055,Ituri,Mambasa,1.3366667000766548,27.645000000179238,In Buffer Zone
139,SOCIETE MINIERE DE L'ITURI,PR (PP),Radiation en cours,,"Au, Diamant",2007-04-10,2007-12-14,3055,Ituri,Mambasa,1.5866667001072492,27.928333299812913,In Buffer Zone
145,SOCIETE MINIERE DE L'ITURI,PR (PP),Radiation en cours,,"Au, Diamant",2007-04-10,2007-12-14,3055,Ituri,Mambasa,1.545000000160649,27.878333299809896,In Buffer Zone
1374,LONCOR RESOURCES CONGO Sprl,PR (AS),Actif-En Force Majeure,,"Ag, Au, Co, Cu, Nb, Pt, Sn, Ta, Wolfram",2010-08-24,2012-10-10,30542,Ituri,Mambasa,0.562820507916162,28.06410256916124,In Buffer Zone
1375,LONCOR RESOURCES CONGO Sprl,PR (AS),Actif-En Force Majeure,,"Ag, Au, Co, Cu, Nb, Pt, Sn, Ta, Wolfram",2008-10-24,2012-10-10,39026,Ituri,Mambasa,0.516666680127842,28.243333340058502,In Buffer Zone
1376,LONCOR RESOURCES CONGO Sprl,PR (AS),Actif-En Force Majeure,,"Ag, Au, Co, Cu, Nb, Pt, Sn, Ta, Wolfram",2008-08-24,2012-10-10,9672,Ituri,Mambasa,0.5478395076316799,28.46388888519563,In Buffer Zone
1714,BANRO CONGO MINING Sarl,PR (AS),Actif-En Force Majeure,,"Ag, Au, Co, Cu, Nb, Pt, Sn, Ta",2009-03-10,2013-12-27,11877,Ituri,Mambasa,0.5630952430030005,28.467857138028155,In Buffer Zone
1715,BANRO CONGO MINING Sarl,PR (AS),Actif-En Force Majeure,,"Ag, Au, Co, Cu, Nb, Pt, Sn, Ta, Wolfram",2009-03-10,2013-12-27,38771,Ituri,Mambasa,0.5083333427787973,28.6071428570748,In Buffer Zone
1716,BANRO CONGO MINING Sarl,PR (AS),Actif-En Force Majeure,,"Ag, Au, Co, Cu, Nb, Pt, Sn, Ta, Wolfram",2009-03-10,2013-12-27,39026,Ituri,Mambasa,0.516666680127842,28.81833334000343,In Buffer Zone
1800,RIO TINTO EXPLORATION DRC ORIENTALE SPRL,PR (AS),Actif-En cours de Cession Totale,,"Au, Cu, Fe, Pb, Zn",2012-02-10,2017-02-09,16722,Ituri,Mambasa,1.9484496115350276,27.65562014880536,In Buffer Zone
1801,RIO TINTO EXPLORATION DRC ORIENTALE SPRL,PR (AS),Actif-En cours de Cession Totale,,"Au, Cu, Fe, Pb, Zn",2012-02-10,2017-02-09,17145,Ituri,Mambasa,1.8114102585194267,27.617564106195818,In Buffer Zone
1802,RIO TINTO EXPLORATION DRC ORIENTALE SPRL,PR (PP),Actif-En cours de Cession Totale,,"Au, Cu, Fe, Pb, Zn",2012-02-10,2017-02-09,16210,Ituri,Mambasa,1.678014191478074,27.637943251093372,In Buffer Zone
1803,RIO TINTO EXPLORATION DRC ORIENTALE SPRL,PR (AS),Actif-En cours de Cession Totale,,"Au, Cu, Fe, Pb, Zn",2012-02-10,2017-02-09,18162,Ituri,Mambasa,1.5692857114182035,27.639761894318458,In Buffer Zone
1804,RIO TINTO EXPLORATION DRC ORIENTALE SPRL,PR (AS),Actif-En cours de Cession Totale,,"Au, Cu, Fe, Pb, Zn",2012-02-10,2017-02-09,12308,Ituri,Mambasa,1.9159090910303336,27.835606045353416,In Buffer Zone
1805,RIO TINTO EXPLORATION DRC ORIENTALE SPRL,PR (AS),Actif-En cours de Cession Totale,,"Au, Cu, Fe, Pb, Zn",2012-02-10,2017-02-09,17400,Ituri,Mambasa,1.8008546999956836,27.869017089690033,In Buffer Zone
1806,RIO TINTO EXPLORATION DRC ORIENTALE SPRL,PR (AS),Actif-En cours de Cession Totale,,"Au, Cu, Fe, Pb, Zn",2012-02-10,2017-02-09,8572,Ituri,Mambasa,1.6861111109216884,27.799074055455222,In Buffer Zone
1807,RIO TINTO EXPLORATION DRC ORIENTALE SPRL,PR (AS),Actif-En cours de Cession Totale,,"Au, Cu, Fe, Pb, Zn",2012-02-10,2017-02-09,11796,Ituri,Mambasa,1.557407422339616,27.812037011106014,In Buffer Zone
2228,KGL-ERW Sprl,PR (AS),Radiation en cours,,"Ag, Au, Nb, Ta",2007-02-05,2012-02-04,39223,Ituri,Mambasa,2.2190476141863127,27.791666671404517,In Buffer Zone
2229,SOCIETE KWR IRON SPRL,PR (AS),Actif-En cours de Cession Totale,,"Ag, Au, Fe, Nb, Ta",2012-02-05,2017-02-04,12565,Ituri,Mambasa,2.209876540715938,27.599074074081518,In Buffer Zone
2230,SOCIETE KWR IRON SPRL,PR (AS),Actif-En cours de Cession Totale,,"Ag, Au, Fe, Nb",2012-02-05,2017-02-04,15365,Ituri,Mambasa,2.065503876607638,27.57170542793207,In Buffer Zone
2231,SOCIETE KWR IRON SPRL,PR (AS),Actif-En cours de Cession Totale,,"Ag, Au, Nb, Ta",2012-02-05,2017-02-04,19610,Ituri,Mambasa,2.054761885630145,27.735714299940962,In Buffer Zone
2288,SOCIETE KWR IRON SPRL,PR (AS),Actif-En cours de Cession Totale,,"Ag, Au, Cr, Fe, Nb, Sn, Ta",2012-02-05,2017-02-04,17242,Ituri,Mambasa,2.7640350894373205,27.924122800069988,In Buffer Zone
2289,SOCIETE KWR IRON SPRL,PR (AS),Actif-En cours de Cession Totale,,"Ag, Au, Cr, Fe, Nb, Sn, Ta",2012-02-05,2017-02-04,19363,Ituri,Mambasa,2.617204303177748,27.894892470927537,In Buffer Zone
2290,SOCIETE KWR IRON SPRL,PR (AS),Actif-En cours de Cession Totale,,"Ag, Au, Cr, Fe, Nb, Sn, Ta",2012-02-05,2017-02-04,18853,Ituri,Mambasa,2.623456788832905,27.740740744413216,In Buffer Zone
2293,KGL-ERW Sprl,PR (AS),Radiation en cours,,"Ag, Cr, Nb, Sn, Ta",2007-02-05,2012-02-04,39738,Ituri,Mambasa,2.3821428570932306,27.75000001438153,In Buffer Zone
2294,KGL-ERW Sprl,PR (AS),Radiation en cours,,"Ag, Cr, Nb, Sn, Ta",2007-02-05,2012-02-04,39908,Ituri,Mambasa,2.359523800127613,27.904761899860382,In Buffer Zone
2618,MASTERS,PR (AS),Actif-En Renouvellement,,"Au, Diamant",2006-10-10,2011-10-09,15102,Ituri,Mambasa,0.7714285711362067,28.221428585787248,In Buffer Zone
2619,MASTERS,PR (AS),Actif-En Renouvellement,,"Au, Diamant",2006-10-10,2011-10-09,14593,Ituri,Mambasa,0.8537036776393587,28.25555556660536,In Buffer Zone
2622,KGL-MASTERS,PR (AS),Radiation en cours,,"Au, Diamant",2006-10-10,2011-10-09,28170,Ituri,Mambasa,1.106410261706651,29.4115384537935,In Buffer Zone
2625,MASTERS,PR (AS),Actif-En Renouvellement,,"Au, Diamant",2006-10-10,2011-10-09,15283,Ituri,Mambasa,2.2883333002380786,28.899999979827367,In Buffer Zone
2626,MASTERS,PR (AS),Actif-En Renouvellement,,"Au, Diamant",2006-10-10,2011-10-09,15284,Ituri,Mambasa,2.363333300194187,28.899999979827367,In Buffer Zone
2628,MASTERS,PR (AS),Actif-En Renouvellement,,"Au, Diamant",2006-10-10,2011-10-09,15951,Ituri,Mambasa,0.9407407223570813,28.624074055415242,In Buffer Zone
2631,MASTERS,PR (AS),Actif-En Renouvellement,,"Au, Diamant",2006-10-10,2011-10-09,16968,Ituri,Mambasa,0.7333333399926534,28.866666659906873,In Buffer Zone
2632,MASTERS,PR (AS),Actif-En Renouvellement,,"Au, Diamant",2006-10-10,2011-10-09,15612,Ituri,Mambasa,0.9487179462242276,28.366666653906314,In Buffer Zone
2633,MASTERS,PR (PP),Radiation en cours,,"Au, Diamant",2007-04-04,2011-04-03,33937,Ituri,Mambasa,0.7333333399926534,29.233333340010528,In Buffer Zone
2634,MASTERS,PR (AS),Radiation en cours,,"Au, Diamant",2006-10-10,2011-10-09,30884,Ituri,Mambasa,0.9333333223800994,29.262962966700798,In Buffer Zone
2635,MASTERS,PR (AS),Actif-En Renouvellement,,"Au, Diamant",2006-10-10,2011-10-09,16969,Ituri,Mambasa,0.7833333200287896,28.399999979797155,In Buffer Zone
2636,MASTERS,PR (AS),Actif-En Renouvellement,,"Au, Diamant",2006-10-10,2011-10-09,16969,Ituri,Mambasa,0.899999980033386,28.866666659906873,In Buffer Zone
2781,MASTERS,PR (AS),Actif-En Renouvellement,,"Au, Diamant",2006-10-10,2011-10-09,16968,Ituri,Mambasa,0.7333333399926534,28.616666659891763,In Buffer Zone
2792,MASTERS,PR (AS),Actif-En Renouvellement,,"Au, Diamant",2006-10-10,2011-10-09,13405,Ituri,Mambasa,0.7657407443730586,28.733333344372088,In Buffer Zone
2793,MASTERS,PR (AS),Actif-En Renouvellement,,"Au, Diamant",2006-10-10,2011-10-09,10105,Ituri,Mambasa,2.5400000002327814,28.75722220677011,In Buffer Zone
2805,MASTERS,PR (PP),Actif-En Renouvellement,,"Au, Diamant",2009-01-26,2013-01-25,16715,Ituri,Mambasa,0.935185188902802,28.71296296672746,In Buffer Zone
3368,GOLDBELTS EXPLORATION AND MINING Sprl,PR (PP),Actif-En Renouvellement,,"Au, Cu, Sn",2011-06-01,2013-09-11,16969,Ituri,Mambasa,0.8707207136041356,29.081081078419555,In Buffer Zone
3374,GOLDBELTS EXPLORATION AND MINING Sprl,PR (PP),Actif-En Renouvellement,,"Ag, Au, Co, Cu, Nb, Pt, Sn, Ta, Wolfram",2011-06-01,2013-09-11,16968,Ituri,Mambasa,0.725203251248261,29.098577231698876,In Buffer Zone
4827,KGL-SIHU,PR (PP),Radiation en cours,,Au,2008-04-07,2013-04-06,3056,Ituri,Mambasa,1.7950000001935131,29.045000000084165,In Buffer Zone
4828,KGL-SIHU,PR (PP),Radiation en cours,,Au,2008-04-07,2013-04-06,3057,Ituri,Mambasa,2.5283333001329225,28.261666699881278,In Buffer Zone
4829,KGL-SIHU,PR (PP),Radiation en cours,,Au,2008-04-07,2013-04-06,3057,Ituri,Mambasa,2.5116667000624218,28.494999999871276,In Buffer Zone
4832,KGL-SIHU,PR (PP),Radiation en cours,,Au,2008-04-07,2013-04-06,3056,Ituri,Mambasa,1.8533333003523638,29.019999999813148,In Buffer Zone
4835,KGL-SIHU,PR (PP),Radiation en cours,,Au,2008-04-07,2013-04-06,3056,Ituri,Mambasa,1.9283332996795366,29.06166669992961,In Buffer Zone
4836,KGL-SIHU,PR (PP),Radiation en cours,,Au,2008-04-07,2013-04-06,3055,Ituri,Mambasa,1.261666700014896,29.011666699926582,In Buffer Zone
4861,Top Fric,PR (AS),Radiation en cours,,Au,2007-07-19,2012-07-18,3055,Ituri,Mambasa,1.261666700014896,29.069999999816183,In Buffer Zone
4862,Top Fric,PR (AS),Radiation en cours,,Au,2007-07-19,2012-07-18,3055,Ituri,Mambasa,1.3116667002446918,29.019999999813148,In Buffer Zone
4980,GOLDEN VALLEY SERVICES Ltd,PR (AS),Actif-En Force Majeure,,"Au, Diamant",2006-10-27,2011-10-26,679,Ituri,Mambasa,1.6821428570185635,27.873809514294784,In Buffer Zone
4985,GOLDEN VALLEY SERVICES Ltd,PR (AS),Actif-En Force Majeure,,"Au, Diamant, Fe",2006-10-27,2011-10-26,849,Ituri,Mambasa,1.6821428570185635,27.92380951419515,In Buffer Zone
4987,GOLDEN VALLEY SERVICES Ltd,PR (PP),Actif-En Force Majeure,,"Au, Diamant, Fe",2006-10-27,2011-10-26,1528,Ituri,Mambasa,1.6600000001908015,27.86999999992333,In Buffer Zone
4988,GOLDEN VALLEY SERVICES Ltd,PR (PP),Actif-En Force Majeure,,"Au, Diamant, Fe",2006-10-27,2011-10-26,1528,Ituri,Mambasa,1.6600000001908015,27.919999999926358,In Buffer Zone
5315,Théophas Mahuku,PR (AS),Radiation en cours,,Fe,2006-10-10,2011-10-09,33946,Ituri,Mambasa,1.4833333398487283,29.483333340025656,In Buffer Zone
6815,KEL- EX DEVELOPMENTS SPRL,PR (PP),Radiation en cours,,"Ag, Au, Diamant, Nb, Ta",2007-06-21,2011-06-20,29020,Ituri,Mambasa,1.2722222199995616,27.588888906765543,In Buffer Zone
6913,Alex Mutombo Tshibungubungu,PR (AS),Radiation en cours,,"Au, Nb, Sn, Ta, Wolfram",2007-06-21,2012-06-20,30882,Ituri,Mambasa,0.6933333201344172,28.04333331992416,In Buffer Zone
6985,Justin Masimango Mbaruku,PR (AS),Radiation en cours,,Au,2007-04-04,2012-04-03,34905,Ituri,Mambasa,2.6249999998981104,28.078571428548425,In Buffer Zone
7162,ORKA,PR (AS),Renouvellment Octroi,,Au,2007-06-21,2012-06-20,3907,Ituri,Mambasa,2.6250000141982652,28.208333357388746,In Buffer Zone
7163,ORKA,PR (AS),Renouvellment Octroi,,"Au, Sn",2007-06-21,2012-06-20,3394,Ituri,Mambasa,0.9690476288417592,29.128571442753923,In Buffer Zone
7264,BUNIA ENGENEERING,PR (PP),Actif-Transformation PR en PEPM,,"Au, Diamant, Nb-Ta",2011-07-06,2013-07-05,7128,Ituri,Mambasa,1.346666659814501,29.486666700224806,In Buffer Zone
7265,BUNIA ENGENEERING,PR (PP),Actif-Transformation PR en PEPM,,"Au, Diamant, Nb, Ta",2011-07-06,2013-07-05,9673,Ituri,Mambasa,1.1366666997553039,29.238333319942473,In Buffer Zone
7426,ORKA,PR (AS),Renouvellment Octroi,,"Au, Pt, Sn",2007-06-29,2012-06-28,3057,Ituri,Mambasa,2.52142857173544,28.911904757397767,In Buffer Zone
8085,WALNI MINERAL COMPANY SPRL,PR (PP),Radiation en cours,,"Au, Diamant",2008-06-26,2012-06-25,39039,Ituri,Mambasa,1.5714285715115661,29.27619047152583,In Buffer Zone
8316,KASHAMA  MUTEBA,PR (PP),Radiation en cours,,"Au, Diamant",2007-07-26,2011-07-25,33940,Ituri,Mambasa,1.0666666801816633,27.566666679950593,In Buffer Zone
8887,BAOBAB MINERALS Sprl,PR (AS),Droit Déchu,,"Au, Nb-Ta, Sn, Wolfram",2008-05-19,2013-05-18,10605,Ituri,Mambasa,0.6416666801286917,28.30000001985598,In Buffer Zone
9112,Proxmin,PR (PP),Droit Déchu,,"Au, Diamant, Nb-Ta, Wolfram",2008-05-29,2013-05-28,2037,Ituri,Mambasa,1.3018518335382991,29.133333333436813,In Buffer Zone
9113,Proxmin,PR (PP),Radiation en cours,,"Au, Diamant",2008-05-15,2012-05-14,3479,Ituri,Mambasa,1.4092592554486076,29.019444444610908,In Buffer Zone
9473,SOCIETE KAMKIS MINING SPRL,PR (PP),Radiation en cours,,"Au, Diamant, Nb-Ta, SnO2, Wolfram",2008-07-08,2012-07-07,32422,Ituri,Mambasa,1.762962966772137,29.542592600093638,In Buffer Zone
9927,Edouard KAMBALE,PR (PP),Radiation en cours,,"Au, Diamant, Nb-Ta, SnO2",2009-01-19,2013-01-18,10523,Ituri,Mambasa,1.572222233452537,29.118518544645628,In Buffer Zone
9928,Edouard KAMBALE,PR (PP),Actif-Transformation PR en PEPM,,"Au, Diamant, Nb-Ta, SnO2",2009-01-19,2013-01-18,8827,Ituri,Mambasa,1.6583333445851873,29.093518533295406,In Buffer Zone
11185,Top Fric,PR (PP),Radiation en cours,,"Au, Cu, Diamant, Fe",2009-06-24,2013-06-23,33950,Ituri,Mambasa,1.73333334006739,29.233333340010528,In Buffer Zone
11187,Top Fric,PR (PP),Radiation en cours,,"Au, Cu, Diamant, Fe",2009-06-24,2013-06-23,23767,Ituri,Mambasa,1.9148147888617528,29.074074088839794,In Buffer Zone
11190,Top Fric,PR (PP),Radiation en cours,,"Au, Cu, Diamant, Fe",2009-06-27,2013-06-26,20369,Ituri,Mambasa,1.6166666598232091,29.46333330010331,In Buffer Zone
11455,LIU ZHI GANG,PR (PP),Actif,,"Au, Diamant, Fe, Nb-Ta",2009-08-22,2013-08-21,4074,Ituri,Mambasa,1.911904728511529,29.026190485498766,In Buffer Zone
11798,SOCIETE MINIERE DE KILO MOTO,PR (PP),Actif,,"Au, Diamant, Fe, Ta",2010-05-14,2014-05-13,29561,Ituri,Mambasa,2.9119047569847596,28.085714285768706,In Buffer Zone
11801,SOCIETE MINIERE DE KILO MOTO,PR (PP),Droit Octroyé,,"Au, Diamant, Fe, Ta",2010-09-04,2014-09-03,11890,Ituri,Mambasa,2.6316666597440723,28.566666680010997,In Buffer Zone
11832,SOCIETE MINIERE DE KILO MOTO,PR (PP),Actif,,"Au, Diamant, Fe, Ta",2010-05-14,2014-05-13,33638,Ituri,Mambasa,2.919048900132168,28.616666271614225,In Buffer Zone
11929,GISOR,PR (PP),Actif,,"Au, Diamant",2010-04-15,2014-04-14,33957,Ituri,Mambasa,2.0666666801244835,29.233333340010528,In Buffer Zone
11930,GISOR,PR (PP),Actif,,"Au, Diamant",2010-04-15,2014-04-14,33957,Ituri,Mambasa,2.0666666801244835,29.399999979857586,In Buffer Zone
12505,Hubert ABEN IDUKU,PR (PP),Actif,,"Au, Cu, Diamant, Fe, Nb-Ta, SnO2, Wolfram",2011-10-12,2015-10-11,1274,Ituri,Mambasa,2.305952385662311,27.85357142841934,In Buffer Zone
ZRG00539,Projet Recherches Géologiques,ZRG,Actif,,"Au, Diamant, Nb-Ta",,,35217,Ituri,Mambasa,1.3910256230444256,27.671794869214903,In Buffer Zone
ZRG01870,Projet Recherches Géologiques,ZRG,Actif,,Diamant,,,3054,Ituri,Mambasa,0.7866667000635368,28.278333300013735,In Buffer Zone
ZRG01871,Projet Recherches Géologiques,ZRG,Actif,,Diamant,,,3055,Ituri,Mambasa,1.1449999999495086,28.953333299785026,In Buffer Zone
ZRG01872,Projet Recherches Géologiques,ZRG,Actif,,Diamant,,,3054,Ituri,Mambasa,0.7449999997140754,28.74499999988638,In Buffer Zone
ZRG01984,Projet Recherches Géologiques,ZRG,Actif,, ,,,3733,Ituri,Mambasa,0.9761904859813119,29.094047614076796,In Buffer Zone
ZRG02059,Projet Recherches Géologiques,ZRG,Actif,, ,,,3397,Ituri,Mambasa,2.533333343242565,28.883333328644955,In Buffer Zone
ZRG02060,Projet Recherches Géologiques,ZRG,Actif,, ,,,4162,Ituri,Mambasa,2.6898148220917215,28.218518522512653,In Buffer Zone
ZRG02089,Projet Recherches Géologiques,ZRG,Actif,, ,,,16969,Ituri,Mambasa,0.899999980033386,28.96666668003517,In Buffer Zone
ZRG02090,Projet Recherches Géologiques,ZRG,Actif,, ,,,16968,Ituri,Mambasa,0.7000000201089398,28.43333331983992,In Buffer Zone
ZRG02091,Projet Recherches Géologiques,ZRG,Actif,, ,,,16969,Ituri,Mambasa,0.9333333201228988,28.46666668000496,In Buffer Zone
ZRG02092,Projet Recherches Géologiques,ZRG,Actif,, ,,,16968,Ituri,Mambasa,0.7333333399926534,28.96666668003517,In Buffer Zone
ZRG02094,Projet Recherches Géologiques,ZRG,Actif,, ,,,15102,Ituri,Mambasa,0.7636363726355058,28.278787863521174,In Buffer Zone
ZRG02095,Projet Recherches Géologiques,ZRG,Actif,, ,,,16883,Ituri,Mambasa,0.7499999888634306,28.7648148108902,In Buffer Zone
ZRG02096,Projet Recherches Géologiques,ZRG,Actif,, ,,,16968,Ituri,Mambasa,0.7333333399926534,28.549999979806227,In Buffer Zone
ZRG02097,Projet Recherches Géologiques,ZRG,Actif,, ,,,23863,Ituri,Mambasa,2.550641023289409,28.600641023248468,In Buffer Zone
ZRG02098,Projet Recherches Géologiques,ZRG,Actif,, ,,,16969,Ituri,Mambasa,0.899999980033386,28.533333319845973,In Buffer Zone
ZRG02099,Projet Recherches Géologiques,ZRG,Actif,, ,,,18681,Ituri,Mambasa,2.4449999802981486,28.899999979827367,In Buffer Zone
ZRG02100,Projet Recherches Géologiques,ZRG,Actif,, ,,,14509,Ituri,Mambasa,0.9696969635933829,28.249242427193398,In Buffer Zone
ZRG02154,Projet Recherches Géologiques,ZRG,Actif,, ,,,34298,Ituri,Mambasa,2.1999999998821838,27.934259255414215,In Buffer Zone
ZRG02172,Projet Recherches Géologiques,ZRG,Actif,, ,,,16715,Ituri,Mambasa,0.9537037111747537,28.779629610960235,In Buffer Zone
ZRG02261,Projet Recherches Géologiques,ZRG,Actif,,Al,,,3055,Ituri,Mambasa,1.2949999998316049,27.7283332999805,In Buffer Zone
ZRG02262,Projet Recherches Géologiques,ZRG,Actif,,Au,,,3054,Ituri,Mambasa,0.9700000003158042,29.295000000099257,In Buffer Zone
ZRG02419,Projet Recherches Géologiques,ZRG,Actif,,"Ag, Au, Diamant, Nb, Ta",,,29297,Ituri,Mambasa,2.5587301620739686,28.36984127136443,In Buffer Zone
ZRG02420,Projet Recherches Géologiques,ZRG,Actif,,"Ag, Au, Diamant, Nb, Ta",,,27408,Ituri,Mambasa,1.2761904714206813,27.72222222378325,In Buffer Zone
ZRG02422,Projet Recherches Géologiques,ZRG,Actif,,"Ag, Au, Diamant, Nb, Ta",,,31904,Ituri,Mambasa,1.0690476287921944,27.890476185419807,In Buffer Zone
ZRG02423,Projet Recherches Géologiques,ZRG,Actif,,"Ag, Au, Diamant, Nb, Ta",,,29443,Ituri,Mambasa,1.061538477109382,27.7358974384118,In Buffer Zone
ZRG02437,Projet Recherches Géologiques,ZRG,Actif,,Al,,,3055,Ituri,Mambasa,1.0283333001260204,29.220000000184577,In Buffer Zone
ZRG02443,Projet Recherches Géologiques,ZRG,Actif,,Diamant,,,29615,Ituri,Mambasa,1.219696972644775,29.415151518083118,In Buffer Zone
ZRG02486,Projet Recherches Géologiques,ZRG,Actif,,"Au, Diamant",,,5519,Ituri,Mambasa,2.3712962888891607,27.819444433299473,In Buffer Zone
ZRG02488,Projet Recherches Géologiques,ZRG,Actif,,"Au, Diamant",,,170,Ituri,Mambasa,2.6733333396928507,27.828333319749483,In Buffer Zone
ZRG02489,Projet Recherches Géologiques,ZRG,Actif,,"Au, Diamant",,,3054,Ituri,Mambasa,0.9700000003158042,29.019999999813148,In Buffer Zone
ZRG02500,Projet Recherches Géologiques,ZRG,Actif,,Au,,,3055,Ituri,Mambasa,1.2449999997948837,27.645000000179238,In Buffer Zone
ZRG02501,Projet Recherches Géologiques,ZRG,Actif,,Al,,,3055,Ituri,Mambasa,1.3283333000683804,27.911666700039792,In Buffer Zone
ZRG02506,Projet Recherches Géologiques,ZRG,Actif,,"Au, Diamant",,,32417,Ituri,Mambasa,1.4348484817449967,29.421212118111768,In Buffer Zone
ZRG02509,Projet Recherches Géologiques,ZRG,Actif,,"Au, Diamant",,,33944,Ituri,Mambasa,1.3999999800988971,29.233333340010528,In Buffer Zone
ZRG02519,Projet Recherches Géologiques,ZRG,Actif,,Au,,,3056,Ituri,Mambasa,1.7950000001935131,29.494999999931686,In Buffer Zone
ZRG02582,Projet Recherches Géologiques,ZRG,Actif,,Al,,,2376,Ituri,Mambasa,1.1797618856687315,29.43214284266178,In Buffer Zone
ZRG02584,Projet Recherches Géologiques,ZRG,Actif,,Al,,,3055,Ituri,Mambasa,1.020000000306351,29.35333329998886,In Buffer Zone
ZRG02585,Projet Recherches Géologiques,ZRG,Actif,,Al,,,1527,Ituri,Mambasa,1.0797618713171953,29.12261904295795,In Buffer Zone
ZRG02586,Projet Recherches Géologiques,ZRG,Actif,,Al,,,3055,Ituri,Mambasa,1.2449999997948837,29.12833329988542,In Buffer Zone
ZRG02590,Projet Recherches Géologiques,ZRG,Actif,,Al,,,3055,Ituri,Mambasa,1.194999999703834,28.961666700282905,In Buffer Zone
ZRG02654,Projet Recherches Géologiques,ZRG,Actif,,Al,,,2036,Ituri,Mambasa,1.0797618713171953,29.16547621438412,In Buffer Zone
ZRG02657,Projet Recherches Géologiques,ZRG,Actif,,Al,,,1358,Ituri,Mambasa,1.1305555445696487,28.97777777779199,In Buffer Zone
ZRG02658,Projet Recherches Géologiques,ZRG,Actif,,Al,,,3054,Ituri,Mambasa,0.7283333000309178,28.128333299825005,In Buffer Zone
ZRG02659,Projet Recherches Géologiques,ZRG,Actif,,Al,,,3055,Ituri,Mambasa,1.111666700137183,29.011666699926582,In Buffer Zone
ZRG02660,Projet Recherches Géologiques,ZRG,Actif,,Al,,,3055,Ituri,Mambasa,1.1449999999495086,29.411666699771104,In Buffer Zone
ZRG02661,Projet Recherches Géologiques,ZRG,Actif,,Al,,,3055,Ituri,Mambasa,1.020000000306351,28.83666669982619,In Buffer Zone
ZRG02666,Projet Recherches Géologiques,ZRG,Actif,,"Au, Diamant, Fe",,,16206,Ituri,Mambasa,1.0700000000355514,29.07333333336531,In Buffer Zone
ZRG02831,Projet Recherches Géologiques,ZRG,Actif,,"Ag, Au, Cr, Nb, Sn, Ta",,,24965,Ituri,Mambasa,2.3722222222688285,28.037037044387215,In Buffer Zone
ZRG02861,Projet Recherches Géologiques,ZRG,Actif,,"Ag, Au, Be, Fe, Nb-Ta, Ta, Wolfram",,,23078,Ituri,Mambasa,0.9785714432093379,28.07619048572369,In Buffer Zone
ZRG02873,Projet Recherches Géologiques-Nor/Ezadex,ZRG,Actif,, ,,,11199,Ituri,Mambasa,0.850333332053607,29.08266665603202,In Buffer Zone
ZRG02873,Projet Recherches Géologiques-Nor/Ezadex,ZRG,Actif,, ,,,5769,Ituri,Mambasa,0.9089743463136011,29.045512823127044,In Buffer Zone
ZRG02874,Projet Recherches Géologiques-Nor/Ezadex,ZRG,Actif,, ,,,15017,Ituri,Mambasa,0.7148148111028638,29.05956790002826,In Buffer Zone
